actors/atronachflame/atronachflame.hkx
actors/atronachfrost/atronachfrostproject.hkx
actors/atronachstorm/atronachstormproject.hkx
actors/bear/bearproject.hkx
actors/canine/dogproject.hkx
actors/canine/wolfproject.hkx
actors/character/defaultfemale.hkx
actors/character/defaultmale.hkx
actors/character/_1stperson/firstperson.hkx
actors/chaurus/chaurusproject.hkx
actors/cow/highlandcowproject.hkx
actors/deer/deerproject.hkx
actors/dlc01/chaurusflyer/chaurusflyer.hkx
actors/dlc01/vampirebrute/vampirebruteproject.hkx
actors/dlc02/benthiclurker/benthiclurkerproject.hkx
actors/dlc02/boarriekling/boarproject.hkx
actors/dlc02/dwarvenballistacenturion/ballistacenturion.hkx
actors/dlc02/hmdaedra/hmdaedra.hkx
actors/dlc02/netch/netchproject.hkx
actors/dlc02/riekling/rieklingproject.hkx
actors/dlc02/scrib/scribproject.hkx
actors/dragon/dragonproject.hkx
actors/dragonpriest/dragon_priest.hkx
actors/draugr/draugrproject.hkx
actors/draugr/draugrskeletonproject.hkx
actors/dwarvenspherecenturion/spherecenturion.hkx
actors/dwarvenspider/dwarvenspidercenturionproject.hkx
actors/dwarvensteamcenturion/steamproject.hkx
actors/falmer/falmerproject.hkx
actors/frostbitespider/frostbitespiderproject.hkx
actors/giant/giantproject.hkx
actors/goat/goatproject.hkx
actors/hagraven/hagravenproject.hkx
actors/horker/horkerproject.hkx
actors/horse/horseproject.hkx
actors/icewraith/icewraithproject.hkx
actors/mammoth/mammothproject.hkx
actors/mudcrab/mudcrabproject.hkx
actors/sabrecat/sabrecatproject.hkx
actors/skeever/skeeverproject.hkx
actors/slaughterfish/slaughterfishproject.hkx
actors/spriggan/spriggan.hkx
actors/troll/trollproject.hkx
actors/vampirelord/vampirelord.hkx
actors/werewolfbeast/werewolfbeastproject.hkx
actors/wisp/wispproject.hkx
actors/witchlight/witchlightproject.hkx
actors/ambient/chicken/chickenproject.hkx
actors/ambient/hare/hareproject.hkx
